{"stats":{"minecraft:mined":{"minecraft:grass_block":3,"minecraft:dirt":16},"minecraft:custom":{"minecraft:jump":88,"minecraft:time_since_rest":775,"minecraft:leave_game":1,"minecraft:walk_on_water_one_cm":214,"minecraft:deaths":1,"minecraft:damage_dealt":23,"minecraft:crouch_one_cm":97,"minecraft:sprint_one_cm":13521,"minecraft:play_time":4341,"minecraft:damage_taken":290,"minecraft:time_since_death":1255,"minecraft:walk_one_cm":5296,"minecraft:sneak_time":56,"minecraft:total_world_time":4341,"minecraft:fall_one_cm":1653,"minecraft:fly_one_cm":32326},"minecraft:used":{"minecraft:dirt":8},"minecraft:picked_up":{"minecraft:dirt":19}},"DataVersion":3465}