{"stats":{"minecraft:picked_up":{"minecraft:wheat_seeds":1,"minecraft:mutton":3,"minecraft:dirt":1,"minecraft:white_wool":2},"minecraft:mined":{"minecraft:grass":8,"minecraft:grass_block":4,"minecraft:tall_grass":4},"minecraft:custom":{"minecraft:time_since_rest":1232,"minecraft:sprint_one_cm":7150,"minecraft:play_time":1825,"minecraft:deaths":1,"minecraft:damage_taken":260,"minecraft:walk_one_cm":5144,"minecraft:mob_kills":2,"minecraft:drop":4,"minecraft:jump":64,"minecraft:damage_dealt":255,"minecraft:leave_game":2,"minecraft:time_since_death":1207,"minecraft:total_world_time":1825,"minecraft:fall_one_cm":1312,"minecraft:fly_one_cm":11623},"minecraft:dropped":{"minecraft:wheat_seeds":1,"minecraft:mutton":2,"minecraft:white_wool":1},"minecraft:killed_by":{"minecraft:skeleton":1},"minecraft:killed":{"minecraft:sheep":2}},"DataVersion":3465}