{"stats":{"minecraft:mined":{"minecraft:grass_block":6,"minecraft:dirt":23},"minecraft:used":{"minecraft:dirt":29},"minecraft:custom":{"minecraft:jump":101,"minecraft:time_since_rest":37347,"minecraft:damage_dealt":47,"minecraft:damage_taken":400,"minecraft:leave_game":3,"minecraft:time_since_death":37827,"minecraft:crouch_one_cm":97,"minecraft:play_time":40913,"minecraft:sprint_one_cm":13521,"minecraft:walk_one_cm":8484,"minecraft:walk_on_water_one_cm":214,"minecraft:deaths":1,"minecraft:sneak_time":56,"minecraft:total_world_time":40913,"minecraft:fall_one_cm":1653,"minecraft:fly_one_cm":32440},"minecraft:picked_up":{"minecraft:dirt":29}},"DataVersion":3465}