{"stats":{"minecraft:picked_up":{"minecraft:rotten_flesh":1,"minecraft:wheat_seeds":1,"minecraft:mutton":3,"minecraft:dirt":26,"minecraft:white_wool":2,"minecraft:cobblestone":2,"minecraft:egg":1},"minecraft:killed_by":{"minecraft:skeleton":1},"minecraft:used":{"minecraft:dirt":25,"minecraft:cobblestone":2,"tombstone:gift":1},"minecraft:dropped":{"minecraft:wheat_seeds":1,"minecraft:mutton":2,"minecraft:white_wool":1},"minecraft:mined":{"minecraft:grass":10,"minecraft:grass_block":28,"minecraft:dirt":2,"minecraft:tall_grass":4},"minecraft:custom":{"minecraft:time_since_rest":756,"minecraft:sprint_one_cm":29091,"minecraft:play_time":8299,"minecraft:damage_taken":860,"minecraft:deaths":3,"minecraft:walk_one_cm":16101,"minecraft:mob_kills":2,"minecraft:drop":4,"minecraft:jump":214,"minecraft:damage_dealt":451,"minecraft:leave_game":3,"minecraft:time_since_death":1454,"minecraft:total_world_time":8299,"minecraft:fall_one_cm":5516,"minecraft:fly_one_cm":60359},"minecraft:killed":{"minecraft:sheep":2}},"DataVersion":3465}